,Time,WS,Ta,RH,Rain,Press,SW_IN,Rn,ET,H,G,LAI,SIF,Month,acc_rain2,acc_rain3,acc_rain5,acc_rain7,acc_rain10,acc_rain15,acc_rain20,acc_rain30,DEM,GRA,CLAY,SAND,SILT,WSA,SAV,EBF,DBF,MF,ENF,WET,CRO,OSH,CSH,SM
0,20030609,1.1740000000000002,14.300999999999998,74.18666666666667,0.0,97.42299999999999,281.994,194.618,1.978295772231065,134.518,0.829417,4.5875,0.4102,6,0.391,0.501,9.428999999999997,9.428999999999997,9.429999999999996,15.630999999999995,16.811999999999994,41.24699999999999,352,0,10,58,30,0,0,0,1,0,0,0,0,0,0,0.154
1,20030809,0.8540000000000001,20.195,74.80835416666666,0.1,98.445,317.928,220.894458333,5.7096196284397305,41.8038,1.81246,5.75,0.47115,8,0.1,0.278,0.37799999999999995,0.478,1.5779999999999998,3.678,4.154,16.837000000000003,352,0,10,58,30,0,0,0,1,0,0,0,0,0,0,0.203
2,20030815,2.064,26.519000000000002,64.16508333333333,0.0,98.405,308.684,202.288458333,5.459668942736419,51.9516,6.2194,5.65,0.440325,8,0.1,0.2,0.5,1.044,1.222,1.822,4.622,7.055,352,0,10,58,30,0,0,0,1,0,0,0,0,0,0,0.18600000000000005
3,20030816,1.0490000000000002,22.46,68.85770833333333,0.0,98.21,316.02299999999997,205.4224375,3.806583520852677,85.5993,2.32606,5.625,0.4361375,8,0.0,0.1,0.5,0.944,1.222,1.622,4.622,7.055,352,0,10,58,30,0,0,0,1,0,0,0,0,0,0,0.184
4,20030818,1.9240000000000002,26.69,61.3120625,0.0,98.04700000000001,299.78,194.754708333,4.462458459435656,93.584,5.85135,5.575,0.4277625000000001,8,0.0,0.0,0.1,0.5,1.044,1.3219999999999998,4.622,6.127999999999999,352,0,10,58,30,0,0,0,1,0,0,0,0,0,0,0.184
5,20030819,1.485,26.076999999999998,77.80822916666666,3.3,98.044,171.391,109.90520833299999,3.8338931779156806,8.4496,5.06876,5.5500000000000025,0.423575,8,3.3,3.3,3.3,3.5,4.244,4.621999999999999,5.821999999999999,8.398,352,0,10,58,30,0,0,0,1,0,0,0,0,0,0,0.184
6,20030901,1.0,18.954,61.90424999999999,0.0,98.561,246.93099999999998,147.67777083299998,2.36908917090579,73.3288,0.475396,5.15,0.3752625,9,0.0,0.0,2.2,8.623000000000001,15.965000000000002,19.765000000000004,19.965000000000007,21.187000000000012,352,0,10,58,30,0,0,0,1,0,0,0,0,0,0,0.188
7,20030906,1.2830000000000001,20.245,65.873,0.0,98.113,224.428,135.138458333,1.3436468191003468,75.3473,3.72454,4.9,0.30720000000000003,9,0.0,0.0,0.08199999999999999,0.08199999999999999,2.282,16.047,19.847000000000005,20.89100000000001,352,0,10,58,30,0,0,0,1,0,0,0,0,0,0,0.193
