,Time,WS,Ta,RH,P,SW_IN,Rain,SIF,LAI_lv,LAI_hv,cvl,cvh,LAI,SM,DEM,CLAY,SAND,SILT,GRA,WSA,SAV,EBF,DBF,MF,ENF,WET,CRO,OSH,CSH,Month,ET,H
0,200206,2.987321138,17.157678199999964,78.20362091,98.08004688,254.74694444444438,3.1355426310000003,3275.5,4.44e-16,4.0173487660000005,0.0,0.57845664,2.3238620688885065,0.345570713,292.7594604,1,3,5,0,1,0,0,0,0,0,0,0,0,0,6,83.82691779750392,-9999
1,200207,2.838547707,21.99288330000001,77.12137604,98.27075781,261.36076388888887,4.5072240830000005,4130.75,4.44e-16,4.5676336289999995,0.0,0.57845664,2.6421780017823457,0.323818296,292.7594604,1,3,5,0,1,0,0,0,0,0,0,0,0,0,7,132.1385653405214,-9999
2,200208,3.727649927,20.108392299999988,75.10539246,98.3494375,219.720625,4.253596306,3739.0,0.0,4.261427402,0.0,0.57845664,2.465050976564849,0.34646940200000004,292.7594604,1,3,5,0,1,0,0,0,0,0,0,0,0,0,8,114.44652570312759,-9999
3,200209,3.7775805,17.61150510000005,70.77842712,98.09467969,164.64795138888888,4.034546852,2141.25,0.0,3.0616178510000003,0.0,0.57845664,1.7710131750534808,0.35958880200000004,292.7594604,1,3,5,0,1,0,0,0,0,0,0,0,0,0,9,95.61363071584252,-9999
4,200210,4.13739109,5.267236300000036,67.85897064,98.50769531,94.14528935185184,3.613181591,455.0,0.0,1.5540531869999998,0.0,0.57845664,0.8989523849333115,0.386216551,292.7594604,1,3,5,0,1,0,0,0,0,0,0,0,0,0,10,31.776782693287746,-9999
