,Time,WS,Ta,RH,P,SW_IN,Rain,SIF,LAI_lv,LAI_hv,cvl,cvh,LAI,SM,DEM,CLAY,SAND,SILT,GRA,WSA,SAV,EBF,DBF,MF,ENF,WET,CRO,OSH,CSH,Month,ET,H
0,200306,2.994799852,12.682794199999993,78.99520111,98.83746875,271.9801851851852,2.462606192,4731.25,4.44e-16,0.528678656,0.0,0.0,0.0,0.190373585,373.6110229,1,3,5,0,0,0,0,1,0,0,0,0,0,0,6,112.1585957110315,-9999
1,200307,3.380054235,18.816735800000004,74.81729889,98.8224375,269.8427546296296,2.091255665,5639.0,4.44e-16,0.5953565239999999,0.0,0.0,0.0,0.188082933,373.6110229,1,3,5,0,0,0,0,1,0,0,0,0,0,0,7,243.91661478374002,-9999
2,200308,3.4213333130000003,21.492578100000053,75.04999542,99.15530469,234.73817129629631,0.952245474,4633.75,0.0,0.573036611,0.0,0.0,0.0,0.18556332600000008,373.6110229,1,3,5,0,0,0,0,1,0,0,0,0,0,0,8,147.66733461651702,-9999
3,200309,5.151370525,17.03807979999999,67.58345795,98.82489063,172.8542592592593,2.482304811,2598.25,0.0,0.431369245,0.0,0.0,0.0,0.184890047,373.6110229,1,3,5,0,0,0,0,1,0,0,0,0,0,0,9,68.0986011193323,-9999
4,200310,4.819421768,10.072625700000003,66.67483521,98.72175781,114.40390046296295,1.917763472,602.6666667000002,0.0,0.23546935600000002,0.0,0.0,0.0,0.189301848,373.6110229,1,3,5,0,0,0,0,1,0,0,0,0,0,0,10,22.280105979345798,-9999
