,Time,WS,Ta,RH,P,SW_IN,Rain,SIF,LAI_lv,LAI_hv,cvl,cvh,LAI,SM,DEM,CLAY,SAND,SILT,GRA,WSA,SAV,EBF,DBF,MF,ENF,WET,CRO,OSH,CSH,Month,ET,H
0,200205,3.656072378,7.842553699999996,66.77328491,97.33455469,263.1919444444444,2.965745211,716.25,-4.44e-16,2.694980145,0.0,0.873804033,2.3548845195559247,0.36315614,373.6110229,5,86,7,0,0,0,0,1,0,0,0,0,0,0,5,48.994268137560255,-9999
1,200206,3.203625202,17.087365699999964,77.22034454,97.15960156,255.4398148148148,3.612666368,3635.0,4.44e-16,4.496977329,0.0,0.873804033,3.929476926389768,0.352380961,373.6110229,5,86,7,0,0,0,0,1,0,0,0,0,0,0,6,101.79025626414101,-9999
2,200207,3.037334919,21.812982199999965,75.62818909,97.36264844,264.7012037037037,4.475972176,4888.5,4.44e-16,5.0257525439999995,0.0,0.873804033,4.391522841807209,0.326731414,373.6110229,5,86,7,0,0,0,0,1,0,0,0,0,0,0,7,177.72628045403115,-9999
3,200208,3.752747536,19.634057600000066,74.30699158,97.43405469,221.19076388888888,4.286235332,4276.0,0.0,4.803151131,0.0,0.873804033,4.197012829376312,0.350460231,373.6110229,5,86,7,0,0,0,0,1,0,0,0,0,0,0,8,161.65360105236545,-9999
