,Time,WS,Ta,RH,P,SW_IN,Rain,SIF,LAI_lv,LAI_hv,cvl,cvh,LAI,SM,DEM,CLAY,SAND,SILT,GRA,WSA,SAV,EBF,DBF,MF,ENF,WET,CRO,OSH,CSH,Month,ET,H
0,200908,1.755705476,0.7601257000000032,66.17967224,98.155125,187.68660879629627,1.190667152,-100.0,0.0,0.0,0.0,0.0,0.0,0.36016446399999996,769.8083496,10,62,54,0,0,0,0,0,0,0,0,0,0,0,8,19.69220386883733,-9999
1,200909,2.168556213,-6.139715599999987,61.62063979999999,96.97082813,95.67995949074071,2.415539265,0.75,0.0,0.0,0.0,0.0,0.0,0.36016863600000004,769.8083496,10,62,54,0,0,0,0,0,0,0,0,0,0,0,9,7.980701358554707,-9999
2,201009,1.785040498,-4.388922100000002,76.67316437,98.23245313,81.39715277777778,1.479424,135.0,0.0,0.0,0.0,0.0,0.0,0.360170782,769.8083496,10,62,54,0,0,0,0,0,0,0,0,0,0,0,9,7.534936214426242,-9999
3,201109,1.913452625,-3.836187699999982,56.74915314,97.35039844,92.69463541666666,0.980344653,-46.25,0.0,0.0,0.0,0.0,0.0,0.36016932100000004,769.8083496,10,62,54,0,0,0,0,0,0,0,0,0,0,0,9,14.120863110852484,-9999
