,Time,WS,Ta,RH,P,SW_IN,Rain,SIF,LAI_lv,LAI_hv,cvl,cvh,LAI,SM,DEM,CLAY,SAND,SILT,GRA,WSA,SAV,EBF,DBF,MF,ENF,WET,CRO,OSH,CSH,Month,ET,H
0,200507,3.708631277,17.071038800000053,77.12336731,100.7485078,203.2133796296296,3.302361012,2905.0,2.90122366,2.279242277,0.300383002,0.580501437,2.194581689533879,0.20996359,29.7719326,4,83,12,0,0,0,0,0,0,0,0,1,0,0,7,49.09895598272431,2296.40486
1,200508,4.040590763,15.40419920000005,79.5377655,100.8484609,172.5258333333333,2.07417202,2052.75,2.767305374,1.9711618419999999,0.300383002,0.580501437,1.97551377753342,0.227021307,29.7719326,4,83,12,0,0,0,0,0,0,0,0,1,0,0,8,73.6086855156982,-9999.0
2,200509,4.100728512,14.162591600000045,76.56707001,101.2152813,129.13229166666667,0.932632327,1352.25,2.725795269,1.8738751409999999,0.300383002,0.580501437,1.906569777848695,0.193675965,29.7719326,4,83,12,0,0,0,0,0,0,0,0,1,0,0,9,54.91548239063557,-9999.0
