,Time,WS,Ta,RH,P,SW_IN,Rain,SIF,LAI_lv,LAI_hv,cvl,cvh,LAI,SM,DEM,CLAY,SAND,SILT,GRA,WSA,SAV,EBF,DBF,MF,ENF,WET,CRO,OSH,CSH,Month,ET,H
0,200306,2.619874001,14.998986800000068,77.10964203,97.14058594,270.6428472222222,2.628752947,4731.25,4.44e-16,4.496977329,0.0,0.873804033,3.929476926389768,0.346439451,373.6110229,5,86,7,0,0,0,0,1,0,0,0,0,0,0,6,104.28850398818564,-9999.0
1,200307,3.177091122,19.87307130000005,71.52649689,97.16807031,271.81402777777777,2.206697226,5639.0,4.44e-16,5.0257525439999995,0.0,0.873804033,4.391522841807209,0.29965183100000004,373.6110229,5,86,7,0,0,0,0,1,0,0,0,0,0,0,7,138.99069547311277,2276.9721600000007
