,Time,WS,Ta,RH,P,SW_IN,Rain,SIF,LAI_lv,LAI_hv,cvl,cvh,LAI,SM,DEM,CLAY,SAND,SILT,GRA,WSA,SAV,EBF,DBF,MF,ENF,WET,CRO,OSH,CSH,Month,ET,H
0,200003,2.131711006,-0.16596069999997098,77.93347168,86.83914844,167.47785879629632,2.626952648,544.0,2.665155172,2.3357751369999997,0.052752048,0.9472479220000001,2.353150538343308,0.354246169,1071.452637,8,72,19,0,0,0,0,0,0,1,0,0,0,0,3,39.612063062262905,2197.5188399999997
1,200004,2.155230522,4.193383800000049,75.38441467,86.87230469,224.06569444444446,1.698917866,772.25,2.684731007,2.494513988,0.052752048,0.9472479220000001,2.5045482504812853,0.403516561,1071.452637,8,72,19,0,0,0,0,0,0,1,0,0,0,0,4,53.44418243444596,2369.9521000000004
2,200005,2.5615301130000003,6.228997800000059,74.92801666,86.76248437999998,234.7803240740741,2.086960316,992.6666667000003,2.710464239,2.718129873,0.052752048,0.9472479220000001,2.717725413563385,0.367488146,1071.452637,8,72,19,0,0,0,0,0,0,1,0,0,0,0,5,69.36513980346442,2979.0972
3,200006,2.567276239,13.086602800000035,61.12449646,87.02119531,311.6932407407407,0.981858671,1419.0,2.736655474,2.956076145,0.052752048,0.9472479220000001,2.944501166548932,0.26398032899999996,1071.452637,8,72,19,0,0,0,0,0,0,1,0,0,0,0,6,87.19470814109583,4274.947500000001
4,200007,2.118219376,15.224115000000038,61.88036728,87.06539063,322.23928240740736,0.443585992,1516.75,2.768818617,3.196031809,0.052752048,0.9472479220000001,3.1734953423084287,0.171636388,1071.452637,8,72,19,0,0,0,0,0,0,1,0,0,0,0,7,84.18632516841014,-9999.0
5,200008,2.166624784,15.822320600000069,57.62956238,87.04494531,296.7430092592593,0.075880095,1387.5,2.762957573,3.142904997,0.052752048,0.9472479220000001,3.122861897964526,0.135045052,1071.452637,8,72,19,0,0,0,0,0,0,1,0,0,0,0,8,70.80931028513895,3557.5136
6,200009,2.214480639,11.486779800000026,68.06467438,86.97241405999998,201.7383796296296,0.710593164,933.25,2.73351717,2.9345149989999997,0.052752048,0.9472479220000001,2.9239118638412465,0.18101847199999999,1071.452637,8,72,19,0,0,0,0,0,0,1,0,0,0,0,9,44.106063825572654,-9999.0
7,200010,2.104516506,6.423303199999964,74.30534363,86.77875,124.36377314814814,1.992298126,473.5,2.704857349,2.68773675,0.052752048,0.9472479220000001,2.688639816028134,0.2529324,1071.452637,8,72,19,0,0,0,0,0,0,1,0,0,0,0,10,36.824074312259896,-9999.0
